id,parentIssueID,issueDate,resolvedDate,dateRangeStart,dateRangeEnd,locationAffected,issue,resolution
1020,NA,"2018-02-05T00:00:00Z","2017-11-07T00:00:00Z","2017-10-30T00:00:00Z","2017-11-07T00:00:00Z","HOPB","S2 submerged and sensor position altered due to infrastructure damage from high flow event. Data are still usable.","Sensor offline while site awaits repair."
1817,NA,"2018-03-27T00:00:00Z","2018-03-27T00:00:00Z","2018-02-21T00:00:00Z","2018-02-26T00:00:00Z","PRIN (101.100)","Infrastructure damage to S1 from high flow event and calibration not verified prior to site repair.","Manual flagging applied. Sensor offline while site awaits repair."
1818,NA,"2018-03-27T00:00:00Z","2018-03-27T00:00:00Z","2018-02-21T00:00:00Z","2018-03-22T00:00:00Z","PRIN (102.100)","Infrastructure damage to S2 from high flow event and calibration not verified prior to site repair.","Manual flagging applied. Sensor offline while site awaits repair."
1845,NA,"2018-04-05T00:00:00Z","2018-04-05T00:00:00Z","2018-03-27T00:00:00Z","2018-03-28T00:00:00Z","CUPE (101.100; 102.100)","infrastructure were damaged due to flooding.","Manual flagging applied. Sensor offline while site awaits repair."
3223,NA,"2018-06-13T00:00:00Z","2018-06-13T00:00:00Z","2018-04-26T00:00:00Z","2018-06-14T00:00:00Z","MART (HOR.VER: 101.100)","PRT became partially exposed as water receded and sensors were not yet lowered.","Manual flagging applied. Sensors to be lowered back into water."
6126,NA,"2018-11-30T00:00:00Z","2018-11-30T00:00:00Z","2018-06-23T00:00:00Z","2018-06-26T00:00:00Z","PRIN (HOR.VER: 101.100)","PRT became at least partially exposed as water receded and sensors were not yet lowered.","Manual flagging applied."
6127,6126,"2018-11-30T00:00:00Z","2018-11-30T00:00:00Z","2018-05-16T00:00:00Z","2018-09-01T00:00:00Z","PRIN (HOR.VER: 102.100)","PRT became at least partially exposed as water receded and sensors were not yet lowered.","Manual flagging applied."
6131,NA,"2018-12-02T00:00:00Z","2018-12-02T00:00:00Z","2018-02-01T00:00:00Z","2018-08-01T00:00:00Z","SYCA (HOR.VER: 101.100 and 102.100)","PRT became at least partially exposed.","Manual flagging applied."
6227,6131,"2018-12-02T00:00:00Z","2018-12-02T00:00:00Z","2018-06-14T00:00:00Z","2018-09-02T00:00:00Z","MART(HOR.VER: 101.100)","PRT became at least partially exposed.","Manual flagging applied."
6230,NA,"2018-12-04T00:00:00Z","2018-12-04T00:00:00Z","2017-09-01T00:00:00Z","2018-09-01T00:00:00Z","ARIK (HOR.VER: 101.100 and 102.100)","PRT became at 101.100 was least partially exposed. PRT at 102.100 has incorrect calibration coefficients.","Manual flagging applied."
6231,6131,"2018-12-02T00:00:00Z","2018-12-02T00:00:00Z","2017-04-01T00:00:00Z","2018-11-01T00:00:00Z","MCDI (HOR.VER: 101.100)","PRT became at least partially exposed.","Manual flagging applied."
7150,NA,"2019-02-19T00:00:00Z","2019-02-19T00:00:00Z","2018-01-01T00:00:00Z","2018-10-31T00:00:00Z","All locations.","Incorrect calibration information was applied to data for some sites and time periods.","Data reprocessed with correct calibration information."
9227,NA,"2019-05-21T00:00:00Z","2019-03-07T00:00:00Z","2019-02-15T00:00:00Z","2019-03-15T00:00:00Z","SYCA (HOR.VER: 102.100)","Sensor out of water","Sensor submerged. Manual flagging applied"
9332,9227,"2019-05-21T00:00:00Z","2019-03-07T00:00:00Z","2019-05-21T00:00:00Z","2019-05-23T00:00:00Z","HOPB (HOR.VER: 102.100)","Sensor out of water","Sensor submerged. Manual flagging applied"
9433,6126,"2018-11-30T00:00:00Z","2018-11-30T00:00:00Z","2018-05-04T00:00:00Z","2018-06-04T00:00:00Z","HOPB (HOR.VER: 101.100)","PRT became at least partially exposed as water receded and sensors were not yet lowered.","Manual flagging applied."
9627,9227,"2019-05-21T00:00:00Z","2019-03-07T00:00:00Z","2018-10-29T00:00:00Z","2018-11-22T00:00:00Z","MCRA (HOR.VER: 101.100)","Sensor out of water","Sensor submerged. Manual flagging applied"
9728,6131,"2018-12-02T00:00:00Z","2018-12-02T00:00:00Z","2018-10-10T00:00:00Z","2018-11-01T00:00:00Z","KING (HOR.VER: 101.100 and 102.100)","PRT became at least partially exposed.","Manual flagging applied."
10226,NA,"2019-06-24T00:00:00Z","2019-06-21T00:00:00Z","2019-05-22T00:00:00Z","2019-06-21T00:00:00Z","BLDE (HOR.VER: 101.100)","Sensor damage caused erroneous data","Sensor replaced, manual flagging applied."
11140,6131,"2018-12-02T00:00:00Z","2018-12-02T00:00:00Z","2019-08-24T00:00:00Z","2019-08-25T00:00:00Z","BLUE  (HOR.VER: 112.100)","PRT became at least partially exposed.","Manual flagging applied."
11142,6131,"2018-12-02T00:00:00Z","2018-12-02T00:00:00Z","2019-08-11T00:00:00Z","2019-08-23T00:00:00Z","PRIN (HOR.VER: 101.100 and 102.100)","PRT became at least partially exposed.","Manual flagging applied."
11929,NA,"2019-10-02T00:00:00Z","2019-09-04T00:00:00Z","2019-08-30T00:00:00Z","2019-09-04T00:00:00Z","KING (HOR.VER: 101.100)","Sensor buried under sediment","Sensor unburied, manual flagging applied"
12632,11929,"2019-10-02T00:00:00Z","2019-09-04T00:00:00Z","2018-10-13T00:00:00Z","2019-11-15T00:00:00Z","PRIN (HOR.VER: 101.100)","Sensor buried under sediment","Sensor unburied, manual flagging applied"
12771,6131,"2018-12-02T00:00:00Z","2018-12-02T00:00:00Z","2019-09-15T00:00:00Z","2019-10-12T00:00:00Z","ARIK (HOR.VER: 101.100)","PRT became at least partially exposed.","Manual flagging applied."
13428,6131,"2018-12-02T00:00:00Z","2018-12-02T00:00:00Z","2019-12-11T00:00:00Z","2019-12-11T00:00:00Z","WLOU (HOR.VER: 102.100)","PRT became at least partially exposed.","Manual flagging applied."
13533,11929,"2019-10-02T00:00:00Z","2019-09-04T00:00:00Z","2019-11-29T00:00:00Z","2019-12-16T00:00:00Z","SYCA (HOR.VER: 102.100)","Sensor buried under sediment","Sensor unburied, manual flagging applied"
13638,11929,"2019-10-02T00:00:00Z","2019-09-04T00:00:00Z","2019-09-27T00:00:00Z","2019-10-10T00:00:00Z","CUPE (HOR.VER: 102.100)","Sensor buried under sediment","Sensor unburied, manual flagging applied"
13643,6131,"2018-12-02T00:00:00Z","2018-12-02T00:00:00Z","2019-07-24T00:00:00Z","2019-11-21T00:00:00Z","WLOU (HOR.VER: 101.100)","PRT became at least partially exposed.","Manual flagging applied."
13790,11929,"2019-10-02T00:00:00Z","2019-09-04T00:00:00Z","2019-09-23T00:00:00Z","2019-10-08T00:00:00Z","SYCA (HOR.VER: 102.100, 101.100)","Sensor buried under sediment","Sensor unburied, manual flagging applied"
14327,NA,"2020-01-22T00:00:00Z","2020-01-11T00:00:00Z","2020-01-10T00:00:00Z","2020-01-11T00:00:00Z","BLUE (HOR.VER:112.100)","High water event pushed sensors out of water","Sensors submerged after flow decreased"
14730,1845,"2018-04-05T00:00:00Z","2018-04-05T00:00:00Z","2018-10-13T00:00:00Z","2018-10-18T00:00:00Z","PRIN (HOR.VER: 102.100)","infrastructure were damaged due to flooding.","Manual flagging applied. Sensor offline while site awaits repair."
15146,11929,"2019-10-02T00:00:00Z","2019-09-04T00:00:00Z","2020-03-05T00:00:00Z","2020-03-09T00:00:00Z","PRIN (HOR.VER: 101.100)","Sensor buried under sediment","Sensor unburied, manual flagging applied"
15167,NA,"2020-03-26T00:00:00Z","2019-12-11T00:00:00Z","2019-12-11T00:00:00Z","2019-12-11T00:00:00Z","All","Coefficients used in IS data processing to compute the uncertainty contributed by resistance or voltage readings made by the field data acquisition system (FDAS) were updated. The updated coefficients are based on a larger FDAS sample and are larger than previous estimates. Although the difference between previous uncertainty estimates and updated estimates is small, there may be periods for which the FDAS uncertainty represents the largest source of uncertainty. Data produced after the resolution date have been produced with the updated coefficients. Data prior to the resolution date will be reprocessed prior to the first NEON data release. An additional changelog comment will be entered at that time.","2019-12-11: Updated coefficients used in processing.
2020-06-10: All data reprocessed with correct coefficients."
15215,11929,"2019-10-02T00:00:00Z","2019-09-04T00:00:00Z","2020-02-14T00:00:00Z","2020-02-27T00:00:00Z","PRIN (HOR.VER: 101.100)","Sensor buried under sediment","Sensor unburied, manual flagging applied"
15335,NA,"2020-05-22T00:00:00Z","2020-05-22T00:00:00Z","2019-06-10T00:00:00Z","2020-07-29T00:00:00Z","MART (HOR.VER: 101.100)","Faulty temperature sensor installed at 101.100.","New sensor installed"
15347,NA,"2020-06-01T00:00:00Z","2020-06-01T00:00:00Z","2019-10-31T00:00:00Z","2020-05-01T00:00:00Z","CARI (HOR.VER: 101.100, 102.100)","PRT encased in ice","Sensor released from ice."
15348,6126,"2018-11-30T00:00:00Z","2018-11-30T00:00:00Z","2020-05-01T00:00:00Z","2020-06-03T00:00:00Z","CARI (HOR.VER: 102.100, 101.100)","PRT became at least partially exposed as water receded and sensors were not yet lowered.","Manual flagging applied."
15351,10226,"2019-06-24T00:00:00Z","2019-06-21T00:00:00Z","2020-02-06T00:00:00Z","2020-06-01T00:00:00Z","LECO (HOR.VER: 112.100)","Sensor damage caused erroneous data","Sensor replaced, manual flagging applied."
15408,NA,"2020-06-10T00:00:00Z","2020-06-10T00:00:00Z","2013-01-01T00:00:00Z","2020-06-10T00:00:00Z","All","All data were reprocessed with the most recent algorithms, quality control thresholds, and/or other metadata to improve overall data coverage and quality. Notes have been added to the logs of previously identified issues that have been corrected.","Informational log only."
15428,3223,"2018-06-13T00:00:00Z","2018-06-13T00:00:00Z","2019-05-31T00:00:00Z","2020-08-27T00:00:00Z","POSE (HOR.VER: 101.100)","PRT became partially exposed as water receded and sensors were not yet lowered.","Manual flagging applied. Sensors to be lowered back into water."
15587,15335,"2020-05-22T00:00:00Z","2020-05-22T00:00:00Z","2019-09-23T00:00:00Z","2020-08-12T00:00:00Z","COMO (HOR.VER: 101.100)","Faulty temperature sensor installed at 101.100.","New sensor installed"
17696,15347,"2020-06-01T00:00:00Z","2020-06-01T00:00:00Z","2020-11-22T00:00:00Z","2020-12-17T00:00:00Z","WLOU (HOR.VER: 101.100; 102.100)","PRT encased in ice","Sensor released from ice."
17796,10226,"2019-06-24T00:00:00Z","2019-06-21T00:00:00Z","2020-08-20T00:00:00Z","2020-12-29T00:00:00Z","MAYF (HOR.VER: 101.100)","Sensor damage caused erroneous data","Sensor replaced, manual flagging applied."
17898,6131,"2018-12-02T00:00:00Z","2018-12-02T00:00:00Z","2020-06-25T00:00:00Z","2020-11-02T00:00:00Z","ARIK (HOR.VER: 101.100)","PRT became at least partially exposed.","Manual flagging applied."
17899,6131,"2018-12-02T00:00:00Z","2018-12-02T00:00:00Z","2020-09-11T00:00:00Z","2020-11-02T00:00:00Z","ARIK (HOR.VER: 102.100)","PRT became at least partially exposed.","Manual flagging applied."
17900,10226,"2019-06-24T00:00:00Z","2019-06-21T00:00:00Z","2020-07-30T00:00:00Z","2020-11-19T00:00:00Z","CUPE (HOR.VER: 101.100)","Sensor damage caused erroneous data","Sensor replaced, manual flagging applied."
18106,NA,"2021-01-14T00:00:00Z","2021-12-31T00:00:00Z","2020-03-23T00:00:00Z","2021-12-31T00:00:00Z","ALL","Safety measures to protect personnel during the COVID-19 pandemic resulted in reduced or canceled maintenance activities for extended periods at NEON sites. Data availability and/or quality may be negatively impacted during this time.

In addition, the annual refresh of sensors and data acquisition systems (DAS) did not occur according to the typical 1-year schedule for many sites. The annual refresh is where freshly calibrated and verified sensors and DAS replace the units in the field.","NEON reviewed data from all sites and time periods potentially impacted by COVID-19 safety precautions to identify and manually flag suspect data that escaped automated quality tests. Suspect data are indicated by the final quality flag in the data files, which should be used to inform data filtering prior to use. 

Currently, there are no quality flags indicating lack of conformance to an annual sensor refresh interval, but these are in development. Data during this time period should be treated as valid unless marked suspect by other quality flags."
19103,NA,"2021-03-12T00:00:00Z","2021-03-12T00:00:00Z","2020-07-27T00:00:00Z","2020-11-06T00:00:00Z","MCRA (HOR.VER: 101.100)","Sensor exposed to air","Sensor submerged"
19210,NA,"2021-03-19T00:00:00Z","2021-08-17T00:00:00Z","2020-12-03T00:00:00Z","2021-02-05T00:00:00Z","Pose (HOR.VER: 101.100)","Sensor malfunction resulted in bad data","Sensor replaced."
19306,NA,"2020-11-03T00:00:00Z","2023-10-31T00:00:00Z","2020-10-06T00:00:00Z","2021-04-18T00:00:00Z","KING (HOR.VER: 101.100; 102.100)","Low flow conditions resulting in exposed sensors.","Affected data were flagged."
19311,19306,"2020-11-03T00:00:00Z","2023-10-31T00:00:00Z","2020-10-19T00:00:00Z","2021-04-30T00:00:00Z","SYCA (HOR.VER: 101.100; 102.100)","Low flow conditions resulting in exposed sensors.","Affected data were flagged."
25004,NA,"2021-06-23T00:00:00Z","2021-06-22T00:00:00Z","2021-06-20T00:00:00Z","2021-06-22T00:00:00Z","KING (HOR.VER: 102.100)","Temperature sensor exposed to air.","Sensor resubmerged."
40104,19210,"2021-03-19T00:00:00Z","2021-08-17T00:00:00Z","2021-11-02T00:00:00Z","2021-12-15T00:00:00Z","CUPE (HOR.VER: 101.100)","Sensor malfunction resulted in bad data","Sensor replaced."
42004,19210,"2021-03-19T00:00:00Z","2021-08-17T00:00:00Z","2020-02-03T00:00:00Z","2020-10-29T00:00:00Z","TECR (HOR:VER: 102.100)","Sensor malfunction resulted in bad data","Sensor replaced."
42104,19210,"2021-03-19T00:00:00Z","2021-08-17T00:00:00Z","2021-03-30T00:00:00Z","2021-08-05T00:00:00Z","REDB (HOR:VER: 101.100)","Sensor malfunction resulted in bad data","Sensor replaced."
46108,NA,"2022-01-18T00:00:00Z","2022-01-01T00:00:00Z","2013-01-01T00:00:00Z","2021-10-01T00:00:00Z","All","Data were reprocessed to incorporate minor and/or isolated corrections to quality control thresholds, sensor installation periods, geolocation data, and manual quality flags.","Reprocessed provisional data are available now.  Reprocess data previously included in RELEASE-2021 will become available when RELEASE-2022 is issued."
53204,NA,"2022-04-13T00:00:00Z","2022-02-01T00:00:00Z","2021-09-14T00:00:00Z","2022-02-01T00:00:00Z","COMO (HOR.VER: 101.100)","Sensor received erroneous calibration","Sensor replaced."
54104,19210,"2021-03-19T00:00:00Z","2021-08-17T00:00:00Z","2021-10-08T00:00:00Z","2021-10-12T00:00:00Z","BIGC (HOR.VER: 102.100)","Sensor malfunction resulted in bad data","Sensor replaced."
61007,NA,"2022-07-20T00:00:00Z","2022-07-20T00:00:00Z","2022-02-01T00:00:00Z","2022-02-01T00:00:00Z","SYCA","Study reach shifted upstream.  Old upstream location became new downstream location.","Named location database updated."
65104,19210,"2021-03-19T00:00:00Z","2021-08-17T00:00:00Z","2022-05-30T00:00:00Z","2022-08-17T00:00:00Z","LECO (HOR:VER: 101.100)","Sensor malfunction resulted in bad data","Sensor replaced."
66407,NA,"2022-09-12T00:00:00Z","2022-10-31T00:00:00Z","2022-06-12T00:00:00Z","2022-10-31T00:00:00Z","BLDE","Severe flooding destroyed several roads into Yellowstone National Park in June 2022, making the YELL and BLDE sites inaccessible to NEON staff. Preventive and corrective maintenance were not able to be performed, nor was the annual exchange of sensors for calibration and validation. While automated quality control routines are likely to detect and flag most issues, users are advised to review data carefully.","Normal operations resumed on October 31, 2022, when the National Park Service opened a newly constructed road from Gardiner, MT to Mammoth, WY with minimal restrictions. For more details about data impacts, see Data Notification https://www.neonscience.org/impact/observatory-blog/data-impacts-neons-yellowstone-sites-yell-blde-due-catastrophic-flooding-0"
71004,19306,"2020-11-03T00:00:00Z","2023-10-31T00:00:00Z","2022-07-01T00:00:00Z","2022-10-17T00:00:00Z","ARIK (HOR.VER: 101.100; 102.100)","Low flow conditions resulting in exposed sensors.","Affected data were flagged."
77404,25004,"2021-06-23T00:00:00Z","2021-06-22T00:00:00Z","2023-01-05T00:00:00Z","2023-01-05T00:00:00Z","LECO (HOR.VER: 101.100)","Temperature sensor exposed to air.","Sensor resubmerged."
87604,NA,"2023-11-14T00:00:00Z","2024-05-02T00:00:00Z","2016-01-01T00:00:00Z","2024-05-02T00:00:00Z","All locations","Lack of flagging thresholds","Update to flagging thresholds: Range adjusted to better capture data outliers.  Persistence tests adjusted to prevent the overflagging of ~0C water at cold weather sites."
