domainID,siteID,HOR.VER,sensorLocationID,sensorLocationDescription,positionStartDateTime,positionEndDateTime,referenceLocationID,referenceLocationIDDescription,referenceLocationIDStartDateTime,referenceLocationIDEndDateTime,xOffset,yOffset,zOffset,pitch,roll,azimuth,locationReferenceLatitude,locationReferenceLongitude,locationReferenceElevation,eastOffset,northOffset,xAzimuth,yAzimuth,publicationDate,release
"D16","MART","101.100","CFGLOC103959.PRT","Martha Creek Water Temperature S1",2010-01-01T00:00:00Z,2021-09-15T11:00:00Z,"CFGLOC103959","Martha Creek Water Chemistry and Temperature S1",2010-01-01T00:00:00Z,2018-06-05T23:59:59Z,0.05,0,-0.06,0,0,0,45.790818,-121.933512,344.31,0.05,0,0,0,"20251209T040147Z","RELEASE-2026"
"D16","MART","101.100","CFGLOC103959.PRT","Martha Creek Water Temperature S1",2010-01-01T00:00:00Z,2021-09-15T11:00:00Z,"CFGLOC103959","Martha Creek Water Chemistry and Temperature S1",2018-06-06T00:00:00Z,2019-05-08T23:59:59Z,0.05,0,-0.06,0,0,0,45.790818,-121.933512,344.31,0.05,0,0,0,"20251209T040147Z","RELEASE-2026"
"D16","MART","101.100","CFGLOC103959.PRT","Martha Creek Water Temperature S1",2010-01-01T00:00:00Z,2021-09-15T11:00:00Z,"CFGLOC103959","Martha Creek Water Chemistry and Temperature S1",2019-05-09T00:00:00Z,2021-09-15T11:00:00Z,0.05,0,-0.06,0,0,0,45.790786,-121.933952,348.45,0.05,0,0,0,"20251209T040147Z","RELEASE-2026"
"D16","MART","101.100","CFGLOC103959","Martha Creek Water Chemistry and Temperature S1",2010-01-01T00:00:00Z,2018-06-05T23:59:59Z,"CFGLOC103959","Martha Creek Water Chemistry and Temperature S1",2010-01-01T00:00:00Z,2018-06-05T23:59:59Z,0.07,0.16,0.13,0,0,0,45.790818,-121.933512,344.31,0.07,0.16,0,0,"20251209T040147Z","RELEASE-2026"
"D16","MART","101.100","CFGLOC103959","Martha Creek Water Chemistry and Temperature S1",2018-06-06T00:00:00Z,2019-05-08T23:59:59Z,"CFGLOC103959","Martha Creek Water Chemistry and Temperature S1",2018-06-06T00:00:00Z,2019-05-08T23:59:59Z,0.07,0.16,0.06,0,0,0,45.790818,-121.933512,344.31,0.07,0.16,0,0,"20251209T040147Z","RELEASE-2026"
"D16","MART","101.100","CFGLOC103959","Martha Creek Water Chemistry and Temperature S1",2019-05-09T00:00:00Z,2021-09-15T11:00:00Z,"CFGLOC103959","Martha Creek Water Chemistry and Temperature S1",2019-05-09T00:00:00Z,2021-09-15T11:00:00Z,0.05,0,-0.06,0,0,0,45.790786,-121.933952,348.45,0.05,0,0,0,"20251209T040147Z","RELEASE-2026"
"D16","MART","102.100","CFGLOC103963.PRT","Martha Creek Water Temperature S2",2010-01-01T00:00:00Z,2021-09-15T11:00:00Z,"CFGLOC103963","Martha Creek Water Chemistry and Temperature S2",2010-01-01T00:00:00Z,2018-07-23T23:59:59Z,0.05,0,-0.06,0,0,0,45.79232,-121.929,336.85,0.05,0,0,0,"20251209T040147Z","RELEASE-2026"
"D16","MART","102.100","CFGLOC103963.PRT","Martha Creek Water Temperature S2",2010-01-01T00:00:00Z,2021-09-15T11:00:00Z,"CFGLOC103963","Martha Creek Water Chemistry and Temperature S2",2018-07-24T00:00:00Z,2019-01-27T23:59:59Z,0.05,0,-0.06,0,0,0,45.79232,-121.929,336.85,0.05,0,0,0,"20251209T040147Z","RELEASE-2026"
"D16","MART","102.100","CFGLOC103963.PRT","Martha Creek Water Temperature S2",2010-01-01T00:00:00Z,2021-09-15T11:00:00Z,"CFGLOC103963","Martha Creek Water Chemistry and Temperature S2",2019-01-28T00:00:00Z,2019-05-08T23:59:59Z,0.05,0,-0.06,0,0,0,45.79232,-121.929,336.85,0.05,0,0,0,"20251209T040147Z","RELEASE-2026"
"D16","MART","102.100","CFGLOC103963.PRT","Martha Creek Water Temperature S2",2010-01-01T00:00:00Z,2021-09-15T11:00:00Z,"CFGLOC103963","Martha Creek Water Chemistry and Temperature S2",2019-05-09T00:00:00Z,2021-09-15T11:00:00Z,0.05,0,-0.06,0,0,0,45.792324,-121.929415,337.13,0.05,0,0,0,"20251209T040147Z","RELEASE-2026"
"D16","MART","102.100","CFGLOC103963","Martha Creek Water Chemistry and Temperature S2",2010-01-01T00:00:00Z,2018-07-23T23:59:59Z,"CFGLOC103963","Martha Creek Water Chemistry and Temperature S2",2010-01-01T00:00:00Z,2018-07-23T23:59:59Z,0.07,0.11,0.25,0,0,0,45.79232,-121.929,336.85,0.07,0.11,0,0,"20251209T040147Z","RELEASE-2026"
"D16","MART","102.100","CFGLOC103963","Martha Creek Water Chemistry and Temperature S2",2018-07-24T00:00:00Z,2019-01-27T23:59:59Z,"CFGLOC103963","Martha Creek Water Chemistry and Temperature S2",2018-07-24T00:00:00Z,2019-01-27T23:59:59Z,0.07,0.11,0.13,0,0,0,45.79232,-121.929,336.85,0.07,0.11,0,0,"20251209T040147Z","RELEASE-2026"
"D16","MART","102.100","CFGLOC103963","Martha Creek Water Chemistry and Temperature S2",2019-01-28T00:00:00Z,2019-05-08T23:59:59Z,"CFGLOC103963","Martha Creek Water Chemistry and Temperature S2",2019-01-28T00:00:00Z,2019-05-08T23:59:59Z,0.07,0.11,0.07,0,0,0,45.79232,-121.929,336.85,0.07,0.11,0,0,"20251209T040147Z","RELEASE-2026"
"D16","MART","102.100","CFGLOC103963","Martha Creek Water Chemistry and Temperature S2",2019-05-09T00:00:00Z,2021-09-15T11:00:00Z,"CFGLOC103963","Martha Creek Water Chemistry and Temperature S2",2019-05-09T00:00:00Z,2021-09-15T11:00:00Z,0.05,0,-0.06,0,0,0,45.792324,-121.929415,337.13,0.05,0,0,0,"20251209T040147Z","RELEASE-2026"
"D16","MART","111.100","CFGLOC113874.PRT","Martha Creek Water Temperature S1 Overhang",2010-01-01T00:00:00Z,NA,"CFGLOC113874.PRT","Martha Creek Water Temperature S1 Overhang",2010-01-01T00:00:00Z,NA,0,0,0,0,0,0,45.79079,-121.933959,348.22,0,0,0,0,"20251209T040147Z","RELEASE-2026"
"D16","MART","111.100","CFGLOC113874","Martha Creek Water Chemistry and Temperature S1 Overhang",2010-01-01T00:00:00Z,2021-09-15T11:00:00Z,"CFGLOC113874","Martha Creek Water Chemistry and Temperature S1 Overhang",2010-01-01T00:00:00Z,2021-09-15T11:00:00Z,0,0,0,0,0,0,45.79079,-121.933959,348.22,0,0,0,0,"20251209T040147Z","RELEASE-2026"
"D16","MART","112.100","CFGLOC113876.PRT","Martha Creek Water Temperature S2 Overhang",2010-01-01T00:00:00Z,NA,"CFGLOC113876.PRT","Martha Creek Water Temperature S2 Overhang",2010-01-01T00:00:00Z,NA,0,0,0,0,0,0,45.792318,-121.92943,337.02,0,0,0,0,"20251209T040147Z","RELEASE-2026"
"D16","MART","112.100","CFGLOC113876","Martha Creek Water Chemistry and Temperature S2 Overhang",2010-01-01T00:00:00Z,2021-09-15T11:00:00Z,"CFGLOC113876","Martha Creek Water Chemistry and Temperature S2 Overhang",2010-01-01T00:00:00Z,2021-09-15T11:00:00Z,0,0,0,0,0,0,45.792318,-121.92943,337.02,0,0,0,0,"20251209T040147Z","RELEASE-2026"
"D17","TECR","101.100","CFGLOC111053.PRT","Teakettle 2 Creek Water Temperature S1",2010-01-01T00:00:00Z,NA,"CFGLOC111053","Teakettle 2 Creek Water Chemistry and Temperature S1",2010-01-01T00:00:00Z,2019-10-29T23:59:59Z,0.07,0,-0.06,0,0,0,36.954707,-119.024902,2016.79,0.07,0,0,0,"20251209T035415Z","RELEASE-2026"
"D17","TECR","101.100","CFGLOC111053.PRT","Teakettle 2 Creek Water Temperature S1",2010-01-01T00:00:00Z,NA,"CFGLOC111053","Teakettle 2 Creek Water Chemistry and Temperature S1",2019-10-30T00:00:00Z,2021-09-09T21:00:00Z,0.07,0,-0.06,0,0,0,36.954704,-119.024898,2014.97,0.07,0,0,0,"20251209T035415Z","RELEASE-2026"
"D17","TECR","101.100","CFGLOC111053","Teakettle 2 Creek Water Chemistry and Temperature S1",2010-01-01T00:00:00Z,2019-10-29T23:59:59Z,"CFGLOC111053","Teakettle 2 Creek Water Chemistry and Temperature S1",2010-01-01T00:00:00Z,2019-10-29T23:59:59Z,0.07,0.1,-1.97,0,0,0,36.954707,-119.024902,2016.79,0.07,0.1,0,0,"20251209T035415Z","RELEASE-2026"
"D17","TECR","101.100","CFGLOC111053","Teakettle 2 Creek Water Chemistry and Temperature S1",2019-10-30T00:00:00Z,2021-09-09T21:00:00Z,"CFGLOC111053","Teakettle 2 Creek Water Chemistry and Temperature S1",2019-10-30T00:00:00Z,2021-09-09T21:00:00Z,0.07,0,-0.06,0,0,0,36.954704,-119.024898,2014.97,0.07,0,0,0,"20251209T035415Z","RELEASE-2026"
"D17","TECR","102.100","CFGLOC111057.PRT","Teakettle 2 Creek Water Temperature S2",2010-01-01T00:00:00Z,NA,"CFGLOC111057","Teakettle 2 Creek Water Chemistry and Temperature S2",2010-01-01T00:00:00Z,2019-10-29T23:59:59Z,0.07,0,-0.06,0,0,0,36.955224,-119.023553,2004.49,0.07,0,0,0,"20251209T035415Z","RELEASE-2026"
"D17","TECR","102.100","CFGLOC111057.PRT","Teakettle 2 Creek Water Temperature S2",2010-01-01T00:00:00Z,NA,"CFGLOC111057","Teakettle 2 Creek Water Chemistry and Temperature S2",2019-10-30T00:00:00Z,2021-09-09T21:00:00Z,0.07,0,-0.06,0,0,0,36.955227,-119.02355,2002.71,0.07,0,0,0,"20251209T035415Z","RELEASE-2026"
"D17","TECR","102.100","CFGLOC111057","Teakettle 2 Creek Water Chemistry and Temperature S2",2010-01-01T00:00:00Z,2019-10-29T23:59:59Z,"CFGLOC111057","Teakettle 2 Creek Water Chemistry and Temperature S2",2010-01-01T00:00:00Z,2019-10-29T23:59:59Z,0.07,0.09,-2.07,0,0,0,36.955224,-119.023553,2004.49,0.07,0.09,0,0,"20251209T035415Z","RELEASE-2026"
"D17","TECR","102.100","CFGLOC111057","Teakettle 2 Creek Water Chemistry and Temperature S2",2019-10-30T00:00:00Z,2021-09-09T21:00:00Z,"CFGLOC111057","Teakettle 2 Creek Water Chemistry and Temperature S2",2019-10-30T00:00:00Z,2021-09-09T21:00:00Z,0.07,0,-0.06,0,0,0,36.955227,-119.02355,2002.71,0.07,0,0,0,"20251209T035415Z","RELEASE-2026"
"D19","CARI","101.100","CFGLOC103455.PRT","Caribou Creek Water Temperature S1",2010-01-01T00:00:00Z,NA,"CFGLOC103455","Caribou Creek Water Chemistry and Temperature S1",2010-01-01T00:00:00Z,2019-05-02T23:59:59Z,0.07,0.13,-0.9,0,0,0,65.152538,-147.507854,229.64,0.07,0.13,0,0,"20251209T041700Z","RELEASE-2026"
"D19","CARI","101.100","CFGLOC103455.PRT","Caribou Creek Water Temperature S1",2010-01-01T00:00:00Z,NA,"CFGLOC103455","Caribou Creek Water Chemistry and Temperature S1",2019-05-03T00:00:00Z,2022-04-01T00:00:00Z,0.07,0.13,-0.9,0,0,0,65.152539,-147.507863,230.29,0.07,0.13,0,0,"20251209T041700Z","RELEASE-2026"
"D19","CARI","101.100","CFGLOC103455","Caribou Creek Water Chemistry and Temperature S1",2010-01-01T00:00:00Z,2019-05-02T23:59:59Z,"CFGLOC103455","Caribou Creek Water Chemistry and Temperature S1",2010-01-01T00:00:00Z,2019-05-02T23:59:59Z,0.07,0.13,0.16,0,0,0,65.152538,-147.507854,229.64,0.07,0.13,0,0,"20251209T041700Z","RELEASE-2026"
"D19","CARI","101.100","CFGLOC103455","Caribou Creek Water Chemistry and Temperature S1",2019-05-03T00:00:00Z,2022-04-01T00:00:00Z,"CFGLOC103455","Caribou Creek Water Chemistry and Temperature S1",2019-05-03T00:00:00Z,2022-04-01T00:00:00Z,0.07,0.13,-0.9,0,0,0,65.152539,-147.507863,230.29,0.07,0.13,0,0,"20251209T041700Z","RELEASE-2026"
"D19","CARI","102.100","CFGLOC103459.PRT","Caribou Creek Water Temperature S2",2010-01-01T00:00:00Z,NA,"CFGLOC103459","Caribou Creek Water Chemistry and Temperature S2",2010-01-01T00:00:00Z,2019-05-02T23:59:59Z,0.07,0.12,-0.9,0,0,0,65.153072,-147.501998,225.33,0.07,0.12,0,0,"20251209T041700Z","RELEASE-2026"
"D19","CARI","102.100","CFGLOC103459.PRT","Caribou Creek Water Temperature S2",2010-01-01T00:00:00Z,NA,"CFGLOC103459","Caribou Creek Water Chemistry and Temperature S2",2019-05-03T00:00:00Z,2022-04-01T00:00:00Z,0.07,0.12,-0.9,0,0,0,65.153078,-147.501998,226.24,0.07,0.12,0,0,"20251209T041700Z","RELEASE-2026"
"D19","CARI","102.100","CFGLOC103459","Caribou Creek Water Chemistry and Temperature S2",2010-01-01T00:00:00Z,2019-05-02T23:59:59Z,"CFGLOC103459","Caribou Creek Water Chemistry and Temperature S2",2010-01-01T00:00:00Z,2019-05-02T23:59:59Z,0.07,0.12,0.29,0,0,0,65.153072,-147.501998,225.33,0.07,0.12,0,0,"20251209T041700Z","RELEASE-2026"
"D19","CARI","102.100","CFGLOC103459","Caribou Creek Water Chemistry and Temperature S2",2019-05-03T00:00:00Z,2022-04-01T00:00:00Z,"CFGLOC103459","Caribou Creek Water Chemistry and Temperature S2",2019-05-03T00:00:00Z,2022-04-01T00:00:00Z,0.07,0.12,-0.9,0,0,0,65.153078,-147.501998,226.24,0.07,0.12,0,0,"20251209T041700Z","RELEASE-2026"
